
insert into customer (ID, NAME, SURNAME, BIRTHDATE, EMAIL, PWD, TEL, SEX, ACTIVE) values (1, 'Sandro', 'Gargano', TO_DATE('03/05/1988', 'DD/MM/YYYY'), 'sandrus88@hotmail.it', 'pwd1', '0601', 'M', 1);
insert into customer (ID, NAME, SURNAME, BIRTHDATE, EMAIL, PWD, TEL, SEX, ACTIVE) values (2, 'Ermal', 'Aliraj', TO_DATE('08/06/1984', 'DD/MM/YYYY'), 'ermalaliraj@gmail.com', 'pwd2', '0602', 'M', 1);
insert into customer (ID, NAME, SURNAME, BIRTHDATE, EMAIL, PWD, TEL, SEX, ACTIVE) values (3, 'Armela', 'Xhaxho', TO_DATE('03/07/1989', 'DD/MM/YYYY'), 'armelaxhaxho@hotmail.com', 'pwd3', '0603', 'F', 0);
insert into customer (ID, NAME, SURNAME, BIRTHDATE, EMAIL, PWD, TEL, SEX, ACTIVE) values (4, 'Aida', 'Xhaxho', TO_DATE('30/07/1984', 'DD/MM/YYYY'), 'aidaxhaxho@gmail.com', 'pwd4', '0604', 'F', 0);
insert into customer (ID, NAME, SURNAME, BIRTHDATE, EMAIL, PWD, TEL, SEX, ACTIVE) values (5, 'Mario', 'Rossi', TO_DATE('04/10/1975', 'DD/MM/YYYY'), 'mariorossi@hotmail.it', 'pwd5', '0605', 'M', 1);
 
insert into city (ID, NAME, LAT, LNG) values ('MI', 'Milano', 45.46427, 9.18951);
insert into city (ID, NAME, LAT, LNG) values ('FI', 'Firenze', 43.77925, 11.24626);
insert into city (ID, NAME, LAT, LNG) values ('PA', 'Palermo', 38.13205, 13.33561);
insert into city (ID, NAME, LAT, LNG) values ('RM', 'Roma', 41.89193, 12.51133);
insert into city (ID, NAME, LAT, LNG) values ('TO', 'Torino', 45.07049, 7.68682);
insert into city (ID, NAME, LAT, LNG) values ('NA', 'Napoli', 40.85631, 14.24641);
insert into city (ID, NAME, LAT, LNG) values ('BA', 'Bari', 41.11148, 16.85540);
insert into city (ID, NAME, LAT, LNG) values ('BO', 'Bologna', 44.49381, 11.33875);
insert into city (ID, NAME, LAT, LNG) values ('GE', 'Genova', 44.42640, 8.91519);
insert into city (ID, NAME, LAT, LNG) values ('AO', 'Aosta',  45.73764, 7.31722);
 
insert into partner (ID, NAME, ADDRESS, TEL, CELL, EMAIL, WEB_SITE, CITY_ID) values (1, 'Partner1', 'Indirizzo Partner1', 'Tel Partner1', 'Cell Partner1', 'partner1@hotmail.it', 'Sito Partner1', 'MI');
insert into partner (ID, NAME, ADDRESS, TEL, CELL, EMAIL, WEB_SITE, CITY_ID) values (2, 'Partner2', 'Indirizzo Partner2', 'Tel Partner2', 'Cell Partner2', 'partner2@hotmail.it', 'Sito Partner2', 'FI');
insert into partner (ID, NAME, ADDRESS, TEL, CELL, EMAIL, WEB_SITE, CITY_ID) values (3, 'Partner3', 'Indirizzo Partner3', 'Tel Partner3', 'Cell Partner3', 'partner3@hotmail.it', 'Sito Partner3', 'TO');
insert into partner (ID, NAME, ADDRESS, TEL, CELL, EMAIL, WEB_SITE, CITY_ID) values (4, 'Partner4', 'Indirizzo Partner4', 'Tel Partner4', 'Cell Partner4', 'partner4@hotmail.it', 'Sito Partner4', 'RM');
insert into partner (ID, NAME, ADDRESS, TEL, CELL, EMAIL, WEB_SITE, CITY_ID) values (5, 'Partner5', 'Indirizzo Partner5', 'Tel Partner5', 'Cell Partner5', 'partner5@hotmail.it', 'Sito Partner5', 'PA');
insert into partner (ID, NAME, ADDRESS, TEL, CELL, EMAIL, WEB_SITE, CITY_ID) values (6, 'Partner6', 'Indirizzo Partner6', 'Tel Partner6', 'Cell Partner6', 'partner6@hotmail.it', 'Sito Partner6', 'MI');
insert into partner (ID, NAME, ADDRESS, TEL, CELL, EMAIL, WEB_SITE, CITY_ID) values (7, 'Partner7', 'Indirizzo Partner7', 'Tel Partner7', 'Cell Partner7', 'partner7@hotmail.it', 'Sito Partner7', 'MI');
insert into partner (ID, NAME, ADDRESS, TEL, CELL, EMAIL, WEB_SITE, CITY_ID) values (8, 'Partner8', 'Indirizzo Partner8', 'Tel Partner8', 'Cell Partner8', 'partner8@hotmail.it', 'Sito Partner8', 'TO');
insert into partner (ID, NAME, ADDRESS, TEL, CELL, EMAIL, WEB_SITE, CITY_ID) values (9, 'Partner9', 'Indirizzo Partner9', 'Tel Partner9', 'Cell Partner9', 'partner9@hotmail.it', 'Sito Partner9', 'RM');
insert into partner (ID, NAME, ADDRESS, TEL, CELL, EMAIL, WEB_SITE, CITY_ID) values (10, 'Partner10', 'Indirizzo Partner10', 'Tel Partner10', 'Cell Partner10', 'partner10@hotmail.it', 'Sito Partner10', 'FI');
insert into partner (ID, NAME, ADDRESS, TEL, CELL, EMAIL, WEB_SITE, CITY_ID) values (11, 'Partner11', 'Indirizzo Partner11', 'Tel Partner11', 'Cell Partner11', 'partner11@hotmail.it', 'Sito Partner11', 'FI');
insert into partner (ID, NAME, ADDRESS, TEL, CELL, EMAIL, WEB_SITE, CITY_ID) values (12, 'Partner12', 'Indirizzo Partner12', 'Tel Partner12', 'Cell Partner12', 'partner12@hotmail.it', 'Sito Partner12', 'RM');
insert into partner (ID, NAME, ADDRESS, TEL, CELL, EMAIL, WEB_SITE, CITY_ID) values (13, 'Partner13', 'Indirizzo Partner13', 'Tel Partner13', 'Cell Partner13', 'partner13@hotmail.it', 'Sito Partner13', 'TO');
insert into partner (ID, NAME, ADDRESS, TEL, CELL, EMAIL, WEB_SITE, CITY_ID) values (14, 'Partner14', 'Indirizzo Partner14', 'Tel Partner14', 'Cell Partner14', 'partner14@hotmail.it', 'Sito Partner14', 'TO');
insert into partner (ID, NAME, ADDRESS, TEL, CELL, EMAIL, WEB_SITE, CITY_ID) values (15, 'Partner15', 'Indirizzo Partner15', 'Tel Partner15', 'Cell Partner15', 'partner15@hotmail.it', 'Sito Partner15', 'TO');
insert into partner (ID, NAME, ADDRESS, TEL, CELL, EMAIL, WEB_SITE, CITY_ID) values (16, 'Partner16', 'Indirizzo Partner16', 'Tel Partner16', 'Cell Partner16', 'partner16@hotmail.it', 'Sito Partner16', null);
insert into partner (ID, NAME, ADDRESS, TEL, CELL, EMAIL, WEB_SITE, CITY_ID) values (17, 'Partner17', 'Indirizzo Partner17', 'Tel Partner17', 'Cell Partner17', 'partner17@hotmail.it', 'Sito Partner17', null);
insert into partner (ID, NAME, ADDRESS, TEL, CELL, EMAIL, WEB_SITE, CITY_ID) values (18, 'Partner18', 'Indirizzo Partner18', 'Tel Partner18', 'Cell Partner18', 'partner18@hotmail.it', 'Sito Partner18', null);
insert into partner (ID, NAME, ADDRESS, TEL, CELL, EMAIL, WEB_SITE, CITY_ID) values (19, 'Partner19', 'Indirizzo Partner19', 'Tel Partner19', 'Cell Partner19', 'partner19@hotmail.it', 'Sito Partner19', null);
insert into partner (ID, NAME, ADDRESS, TEL, CELL, EMAIL, WEB_SITE, CITY_ID) values (20, 'Partner20', 'Indirizzo Partner20', 'Tel Partner20', 'Cell Partner20', 'partner20@hotmail.it', 'Sito Partner20', null);
insert into partner (ID, NAME, ADDRESS, TEL, CELL, EMAIL, WEB_SITE, CITY_ID) values (21, 'Partner21', 'Indirizzo Partner21', 'Tel Partner21', 'Cell Partner21', 'partner21@hotmail.it', 'Sito Partner21', null);
insert into partner (ID, NAME, ADDRESS, TEL, CELL, EMAIL, WEB_SITE, CITY_ID) values (22, 'Partner22', 'Indirizzo Partner22', 'Tel Partner22', 'Cell Partner22', 'partner22@hotmail.it', 'Sito Partner22', null);
insert into partner (ID, NAME, ADDRESS, TEL, CELL, EMAIL, WEB_SITE, CITY_ID) values (23, 'Partner23', 'Indirizzo Partner23', 'Tel Partner23', 'Cell Partner23', 'partner23@hotmail.it', 'Sito Partner23', null);
insert into partner (ID, NAME, ADDRESS, TEL, CELL, EMAIL, WEB_SITE, CITY_ID) values (24, 'Partner24', 'Indirizzo Partner24', 'Tel Partner24', 'Cell Partner24', 'partner24@hotmail.it', 'Sito Partner24', null);
insert into partner (ID, NAME, ADDRESS, TEL, CELL, EMAIL, WEB_SITE, CITY_ID) values (25, 'Partner25', 'Indirizzo Partner25', 'Tel Partner25', 'Cell Partner25', 'partner25@hotmail.it', 'Sito Partner25', null);
insert into partner (ID, NAME, ADDRESS, TEL, CELL, EMAIL, WEB_SITE, CITY_ID) values (26, 'Partner26', 'Indirizzo Partner26', 'Tel Partner26', 'Cell Partner26', 'partner26@hotmail.it', 'Sito Partner26', null);
insert into partner (ID, NAME, ADDRESS, TEL, CELL, EMAIL, WEB_SITE, CITY_ID) values (27, 'Partner27', 'Indirizzo Partner27', 'Tel Partner27', 'Cell Partner27', 'partner27@hotmail.it', 'Sito Partner27', null);
insert into partner (ID, NAME, ADDRESS, TEL, CELL, EMAIL, WEB_SITE, CITY_ID) values (28, 'Partner28', 'Indirizzo Partner28', 'Tel Partner28', 'Cell Partner28', 'partner28@hotmail.it', 'Sito Partner28', null);
insert into partner (ID, NAME, ADDRESS, TEL, CELL, EMAIL, WEB_SITE, CITY_ID) values (29, 'Partner29', 'Indirizzo Partner29', 'Tel Partner29', 'Cell Partner29', 'partner29@hotmail.it', 'Sito Partner29', null);
insert into partner (ID, NAME, ADDRESS, TEL, CELL, EMAIL, WEB_SITE, CITY_ID) values (30, 'Partner30', 'Indirizzo Partner30', 'Tel Partner30', 'Cell Partner30', 'partner30@hotmail.it', 'Sito Partner30', null);