
insert into customer (ID, NAME, SURNAME, BIRTHDATE, EMAIL, PWD, TEL) values (1, 'Sandro', 'Gargano', TO_DATE('03/05/1988', 'DD/MM/YYYY'), 'sandrus88@hotmail.it', 'pwd1', '0601');
insert into customer (ID, NAME, SURNAME, BIRTHDATE, EMAIL, PWD, TEL) values (2, 'Ermal', 'Aliraj', TO_DATE('08/06/1984', 'DD/MM/YYYY'), 'ermalaliraj@gmail.com', 'pwd2', '0602');
insert into customer (ID, NAME, SURNAME, BIRTHDATE, EMAIL, PWD, TEL) values (3, 'Armela', 'Xhaxho', TO_DATE('03/07/1989', 'DD/MM/YYYY'), 'armelaxhaxho@hotmail.com', 'pwd3', '0603');
insert into customer (ID, NAME, SURNAME, BIRTHDATE, EMAIL, PWD, TEL) values (4, 'Aida', 'Xhaxho', TO_DATE('30/07/1984', 'DD/MM/YYYY'), 'aidaxhaxho@gmail.com', 'pwd4', '0604');
insert into customer (ID, NAME, SURNAME, BIRTHDATE, EMAIL, PWD, TEL) values (5, 'Mario', 'Rossi', TO_DATE('04/10/1975', 'DD/MM/YYYY'), 'mariorossi@hotmail.it', 'pwd5', '0605');
 
insert into city (ID, NAME, LAT, LNG) values ('MI', 'Milano', 45.46427, 9.18951);
insert into city (ID, NAME, LAT, LNG) values ('FI', 'Firenze', 43.77925, 11.24626);
insert into city (ID, NAME, LAT, LNG) values ('PA', 'Palermo', 38.13205, 13.33561);
insert into city (ID, NAME, LAT, LNG) values ('RM', 'Roma', 41.89193, 12.51133);
insert into city (ID, NAME, LAT, LNG) values ('TO', 'Torino', 45.07049, 7.68682);
insert into city (ID, NAME, LAT, LNG) values ('NA', 'Napoli', 40.85631, 14.24641);
insert into city (ID, NAME, LAT, LNG) values ('BA', 'Bari', 41.11148, 16.85540);
insert into city (ID, NAME, LAT, LNG) values ('BO', 'Bologna', 44.49381, 11.33875);
insert into city (ID, NAME, LAT, LNG) values ('GE', 'Genova', 44.42640, 8.91519);
insert into city (ID, NAME, LAT, LNG) values ('AO', 'Aosta',  45.73764, 7.31722);
 
insert into partner (ID, NAME, ADDRESS, TEL, CELL, EMAIL, WEB_SITE, CITY_ID) values (1, 'Partner1', 'Indirizzo Partner1', 'Tel Partner1', 'Cell Partner1', 'partner1@hotmail.it', 'Sito Partner1', 'MI');
insert into partner (ID, NAME, ADDRESS, TEL, CELL, EMAIL, WEB_SITE, CITY_ID) values (2, 'Partner2', 'Indirizzo Partner2', 'Tel Partner2', 'Cell Partner2', 'partner2@hotmail.it', 'Sito Partner2', 'FI');
insert into partner (ID, NAME, ADDRESS, TEL, CELL, EMAIL, WEB_SITE, CITY_ID) values (3, 'Partner3', 'Indirizzo Partner3', 'Tel Partner3', 'Cell Partner3', 'partner3@hotmail.it', 'Sito Partner3', 'TO');
insert into partner (ID, NAME, ADDRESS, TEL, CELL, EMAIL, WEB_SITE, CITY_ID) values (4, 'Partner4', 'Indirizzo Partner4', 'Tel Partner4', 'Cell Partner4', 'partner4@hotmail.it', 'Sito Partner4', 'RM');
insert into partner (ID, NAME, ADDRESS, TEL, CELL, EMAIL, WEB_SITE, CITY_ID) values (5, 'Partner5', 'Indirizzo Partner5', 'Tel Partner5', 'Cell Partner5', 'partner5@hotmail.it', 'Sito Partner5', 'PA');
insert into partner (ID, NAME, ADDRESS, TEL, CELL, EMAIL, WEB_SITE, CITY_ID) values (6, 'Partner6', 'Indirizzo Partner6', 'Tel Partner6', 'Cell Partner6', 'partner6@hotmail.it', 'Sito Partner6', 'MI');
insert into partner (ID, NAME, ADDRESS, TEL, CELL, EMAIL, WEB_SITE, CITY_ID) values (7, 'Partner7', 'Indirizzo Partner7', 'Tel Partner7', 'Cell Partner7', 'partner7@hotmail.it', 'Sito Partner7', 'MI');
insert into partner (ID, NAME, ADDRESS, TEL, CELL, EMAIL, WEB_SITE, CITY_ID) values (8, 'Partner8', 'Indirizzo Partner8', 'Tel Partner8', 'Cell Partner8', 'partner8@hotmail.it', 'Sito Partner8', 'TO');
insert into partner (ID, NAME, ADDRESS, TEL, CELL, EMAIL, WEB_SITE, CITY_ID) values (9, 'Partner9', 'Indirizzo Partner9', 'Tel Partner9', 'Cell Partner9', 'partner9@hotmail.it', 'Sito Partner9', 'RM');
insert into partner (ID, NAME, ADDRESS, TEL, CELL, EMAIL, WEB_SITE, CITY_ID) values (10, 'Partner10', 'Indirizzo Partner10', 'Tel Partner10', 'Cell Partner10', 'partner10@hotmail.it', 'Sito Partner10', 'FI');
insert into partner (ID, NAME, ADDRESS, TEL, CELL, EMAIL, WEB_SITE, CITY_ID) values (11, 'Partner11', 'Indirizzo Partner11', 'Tel Partner11', 'Cell Partner11', 'partner11@hotmail.it', 'Sito Partner11', 'FI');
insert into partner (ID, NAME, ADDRESS, TEL, CELL, EMAIL, WEB_SITE, CITY_ID) values (12, 'Partner12', 'Indirizzo Partner12', 'Tel Partner12', 'Cell Partner12', 'partner12@hotmail.it', 'Sito Partner12', 'RM');
insert into partner (ID, NAME, ADDRESS, TEL, CELL, EMAIL, WEB_SITE, CITY_ID) values (13, 'Partner13', 'Indirizzo Partner13', 'Tel Partner13', 'Cell Partner13', 'partner13@hotmail.it', 'Sito Partner13', 'TO');
insert into partner (ID, NAME, ADDRESS, TEL, CELL, EMAIL, WEB_SITE, CITY_ID) values (14, 'Partner14', 'Indirizzo Partner14', 'Tel Partner14', 'Cell Partner14', 'partner14@hotmail.it', 'Sito Partner14', 'TO');
insert into partner (ID, NAME, ADDRESS, TEL, CELL, EMAIL, WEB_SITE, CITY_ID) values (15, 'Partner15', 'Indirizzo Partner15', 'Tel Partner15', 'Cell Partner15', 'partner15@hotmail.it', 'Sito Partner15', 'TO');